"";"ccode2";"year";"month";"varmag";"sdmag";"memag";"EthAl";"date"
"1";2;1946;9;NA;NA;NA;".490111130469376";"2000"
"2";2;1946;11;NA;NA;NA;".490111130469376";"2000"
"3";2;1959;11;NA;NA;NA;".490111130469376";"2000"
"4";2;1966;11;NA;NA;NA;".490111130469376";"2000"
"5";2;1964;11;NA;NA;NA;".490111130469376";"2000"
"6";2;1990;11;NA;NA;NA;".490111130469376";"2000"
"7";2;1986;11;0;0;1;".490111130469376";"2000"
"8";2;1972;11;NA;NA;NA;".490111130469376";"2000"
"9";2;1948;11;NA;NA;NA;".490111130469376";"2000"
"10";2;1994;11;NA;NA;NA;".490111130469376";"2000"
"11";2;2016;11;0;0;1;".490111130469376";"2000"
"12";2;1956;11;NA;NA;NA;".490111130469376";"2000"
"13";2;1998;11;NA;NA;NA;".490111130469376";"2000"
"14";2;1960;11;NA;NA;NA;".490111130469376";"2000"
"15";2;1988;11;0;0;1;".490111130469376";"2000"
"16";2;1962;11;NA;NA;NA;".490111130469376";"2000"
"17";2;1982;11;0;0;1;".490111130469376";"2000"
"18";2;1952;9;NA;NA;NA;".490111130469376";"2000"
"19";2;1978;11;0;0;1;".490111130469376";"2000"
"20";2;1992;11;NA;NA;NA;".490111130469376";"2000"
"21";2;1950;11;NA;NA;NA;".490111130469376";"2000"
"22";2;1954;11;NA;NA;NA;".490111130469376";"2000"
"23";2;1970;11;NA;NA;NA;".490111130469376";"2000"
"24";2;1954;9;NA;NA;NA;".490111130469376";"2000"
"25";2;1974;11;0;0;1;".490111130469376";"2000"
"26";2;1976;11;0;0;1;".490111130469376";"2000"
"27";2;1952;11;NA;NA;NA;".490111130469376";"2000"
"28";2;2000;11;NA;NA;NA;".490111130469376";"2000"
"29";2;2002;11;NA;NA;NA;".490111130469376";"2000"
"30";2;1950;9;NA;NA;NA;".490111130469376";"2000"
"31";2;1982;9;NA;NA;NA;".490111130469376";"2000"
"32";2;2008;11;0;0;1;".490111130469376";"2000"
"33";2;1958;11;NA;NA;NA;".490111130469376";"2000"
"34";2;2004;11;NA;NA;NA;".490111130469376";"2000"
"35";2;1984;11;NA;NA;NA;".490111130469376";"2000"
"36";2;2006;11;0;0;1;".490111130469376";"2000"
"37";2;1968;11;NA;NA;NA;".490111130469376";"2000"
"38";2;1956;9;NA;NA;NA;".490111130469376";"2000"
"39";2;1980;11;0;0;1;".490111130469376";"2000"
"40";2;1948;9;NA;NA;NA;".490111130469376";"2000"
"41";2;2014;11;0;0;1;".490111130469376";"2000"
"42";2;2010;11;0;0;1;".490111130469376";"2000"
"43";2;2012;11;0;0;1;".490111130469376";"2000"
"44";2;1996;11;0;0;1;".490111130469376";"2000"
"45";2;1958;9;NA;NA;NA;".490111130469376";"2000"
"46";20;1957;6;0,00757553768902563;0,0870375648155762;1,00760456273764;".7124200000000001";"1991"
"47";20;2004;6;0;0;1;".7124200000000001";"1991"
"48";20;1979;5;0;0;1;".7124200000000001";"1991"
"49";20;1963;4;0,00757553768902563;0,0870375648155762;1,00760456273764;".7124200000000001";"1991"
"50";20;2008;10;0;0;1;".7124200000000001";"1991"
"51";20;1972;10;0;0;1;".7124200000000001";"1991"
"52";20;1980;2;0;0;1;".7124200000000001";"1991"
"53";20;1962;6;0,00757553768902563;0,0870375648155762;1,00760456273764;".7124200000000001";"1991"
"54";20;1984;9;0;0;1;".7124200000000001";"1991"
"55";20;1988;11;0;0;1;".7124200000000001";"1991"
"56";20;1965;11;0,00757553768902563;0,0870375648155762;1,00760456273764;".7124200000000001";"1991"
"57";20;1968;6;0;0;1;".7124200000000001";"1991"
"58";20;1949;6;0,00766260766260766;0,0875363219618443;1,00769230769231;".7124200000000001";"1991"
"59";20;2006;1;0;0;1;".7124200000000001";"1991"
"60";20;1974;7;0;0;1;".7124200000000001";"1991"
"61";20;2011;5;0;0;1;".7124200000000001";"1991"
"62";20;2015;10;0;0;1;".7124200000000001";"1991"
"63";20;1993;10;0;0;1;".7124200000000001";"1991"
"64";20;1953;8;0,00757553768902563;0,0870375648155762;1,00760456273764;".7124200000000001";"1991"
"65";20;1958;3;0,00757553768902563;0,0870375648155762;1,00760456273764;".7124200000000001";"1991"
"66";20;1997;6;0;0;1;".7124200000000001";"1991"
"67";20;2000;11;0;0;1;".7124200000000001";"1991"
"68";31;2002;5;0;0;1;".422845142439737";"1989"
"69";31;1997;3;0;0;1;".422845142439737";"1989"
"70";31;2007;5;0;0;1;".422845142439737";"1989"
"71";31;2012;5;0;0;1;".422845142439737";"1989"
"72";42;1978;5;NA;NA;NA;".4294000000000001";"1993"
"73";42;1986;5;NA;NA;NA;".4294000000000001";"1993"
"74";42;1970;5;NA;NA;NA;".4294000000000001";"1993"
"75";42;1994;5;NA;NA;NA;".4294000000000001";"1993"
"76";42;1982;5;NA;NA;NA;".4294000000000001";"1993"
"77";42;1962;12;NA;NA;NA;".4294000000000001";"1993"
"78";42;1998;5;NA;NA;NA;".4294000000000001";"1993"
"79";42;2002;5;1,83533765032377;1,35474634169049;3,23404255319149;".4294000000000001";"1993"
"80";42;2010;5;NA;NA;NA;".4294000000000001";"1993"
"81";42;2006;5;3,17113783533765;1,78076888880552;3,78723404255319;".4294000000000001";"1993"
"82";42;1966;7;NA;NA;NA;".4294000000000001";"1993"
"83";42;1974;5;NA;NA;NA;".4294000000000001";"1993"
"84";42;2016;5;NA;NA;NA;".4294000000000001";"1993"
"85";51;2007;9;0;0;1;".4128940000000001";"1982"
"86";51;1980;10;0;0;1;".4128940000000001";"1982"
"87";51;1989;12;0;0;1;".4128940000000001";"1982"
"88";51;1962;4;0;0;1;".4128940000000001";"1982"
"89";51;1993;2;0;0;1;".4128940000000001";"1982"
"90";51;1997;12;0;0;1;".4128940000000001";"1982"
"91";51;1949;12;0;0;1;".4128940000000001";"1982"
"92";51;1972;2;0;0;1;".4128940000000001";"1982"
"93";51;1967;2;0;0;1;".4128940000000001";"1982"
"94";51;1955;1;0;0;1;".4128940000000001";"1982"
"95";51;1983;12;0;0;1;".4128940000000001";"1982"
"96";51;1976;12;0;0;1;".4128940000000001";"1982"
"97";51;1959;7;0;0;1;".4128940000000001";"1982"
"98";51;2016;2;0;0;1;".4128940000000001";"1982"
"99";51;2011;12;0;0;1;".4128940000000001";"1982"
"100";51;2002;10;0;0;1;".4128940000000001";"1982"
"101";52;1971;5;0;0;1;".6475300000000001";"2001"
"102";52;1981;11;0;0;1;".6475300000000001";"2001"
"103";52;2010;5;0;0;1;".6475300000000001";"2001"
"104";52;1966;11;0;0;1;".6475300000000001";"2001"
"105";52;2000;12;0;0;1;".6475300000000001";"2001"
"106";52;2002;10;0;0;1;".6475300000000001";"2001"
"107";52;2001;12;0;0;1;".6475300000000001";"2001"
"108";52;1986;12;0;0;1;".6475300000000001";"2001"
"109";52;2007;11;0;0;1;".6475300000000001";"2001"
"110";52;1995;11;0;0;1;".6475300000000001";"2001"
"111";52;1976;9;0;0;1;".6475300000000001";"2001"
"112";52;2015;9;0;0;1;".6475300000000001";"2001"
"113";52;1991;12;0;0;1;".6475300000000001";"2001"
"114";53;1999;1;0;0;1;".1423419999999999";"1990"
"115";53;2003;5;0;0;1;".1423419999999999";"1990"
"116";53;1981;6;0;0;1;".1423419999999999";"1990"
"117";53;1971;9;0;0;1;".1423419999999999";"1990"
"118";53;2008;1;0;0;1;".1423419999999999";"1990"
"119";53;1991;1;0;0;1;".1423419999999999";"1990"
"120";53;1994;9;0;0;1;".1423419999999999";"1990"
"121";53;1976;9;0;0;1;".1423419999999999";"1990"
"122";53;1986;5;0;0;1;".1423419999999999";"1990"
"123";53;2013;2;0;0;1;".1423419999999999";"1990"
"124";53;1966;11;0;0;2;".1423419999999999";"1990"
"125";70;1994;8;0;0;40;".5418000000000001";"1990"
"126";70;2000;7;0;0;40;".5418000000000001";"1990"
"127";70;1997;6;0;0;40;".5418000000000001";"1990"
"128";70;2009;7;24,6063416738568;4,9604779682866;1,63934426229508;".5418000000000001";"1990"
"129";70;2012;7;24,6063416738568;4,9604779682866;1,63934426229508;".5418000000000001";"1990"
"130";70;2006;7;0;0;40;".5418000000000001";"1990"
"131";70;2003;7;0;0;40;".5418000000000001";"1990"
"132";70;1997;7;NA;NA;NA;".5418000000000001";"1990"
"133";70;1991;8;0;0;40;".5418000000000001";"1990"
"134";80;1998;8;0;0;1;".7015400000000001";"1991"
"135";80;1965;3;0;0;1;".7015400000000001";"1991"
"136";80;1969;12;0;0;1;".7015400000000001";"1991"
"137";80;1954;4;0;0;1;".7015400000000001";"1991"
"138";80;2012;3;0;0;1;".7015400000000001";"1991"
"139";80;1993;6;0;0;1;".7015400000000001";"1991"
"140";80;2008;2;0;0;1;".7015400000000001";"1991"
"141";80;1979;11;0;0;1;".7015400000000001";"1991"
"142";80;1984;12;0;0;1;".7015400000000001";"1991"
"143";80;1974;10;0;0;1;".7015400000000001";"1991"
"144";80;1989;9;0;0;1;".7015400000000001";"1991"
"145";80;2003;3;0;0;1;".7015400000000001";"1991"
"146";80;1957;3;0;0;1;".7015400000000001";"1991"
"147";80;1961;3;0;0;1;".7015400000000001";"1991"
"148";90;2015;9;42,606884057971;6,52739489061072;6,54166666666667;".5122";"2001"
"149";90;1984;7;NA;NA;NA;".5122";"2001"
"150";90;2007;9;NA;NA;NA;".5122";"2001"
"151";90;1990;11;NA;NA;NA;".5122";"2001"
"152";90;2003;11;NA;NA;NA;".5122";"2001"
"153";90;1999;11;NA;NA;NA;".5122";"2001"
"154";90;1995;11;NA;NA;NA;".5122";"2001"
"155";90;2011;9;NA;NA;NA;".5122";"2001"
"156";91;1993;11;NA;NA;NA;".1867";"1987"
"157";91;2001;11;NA;NA;NA;".1867";"1987"
"158";91;1980;4;NA;NA;NA;".1867";"1987"
"159";91;1985;11;NA;NA;NA;".1867";"1987"
"160";91;2009;11;34,6928104575163;5,89006031017648;7,11111111111111;".1867";"1987"
"161";91;2005;11;NA;NA;NA;".1867";"1987"
"162";91;1997;11;NA;NA;NA;".1867";"1987"
"163";91;1981;11;NA;NA;NA;".1867";"1987"
"164";91;2017;11;34,6928104575163;5,89006031017648;7,11111111111111;".1867";"1987"
"165";91;2013;11;34,6928104575163;5,89006031017648;7,11111111111111;".1867";"1987"
"166";92;2015;3;31,0769230769231;5,57466797907491;6;".1978";"1993"
"167";92;2006;3;32,6153846153846;5,71098805946787;6;".1978";"1993"
"168";92;1997;3;11,8021978021978;3,43543269504699;4,57142857142857;".1978";"1993"
"169";92;2009;1;32,6153846153846;5,71098805946787;6;".1978";"1993"
"170";92;2003;3;11,8021978021978;3,43543269504699;4,57142857142857;".1978";"1993"
"171";92;2012;3;31,0769230769231;5,57466797907491;6;".1978";"1993"
"172";92;2000;3;11,8021978021978;3,43543269504699;4,57142857142857;".1978";"1993"
"173";92;1994;3;11,8021978021978;3,43543269504699;4,57142857142857;".1978";"1993"
"174";93;2006;11;NA;NA;NA;".4844000000000002";"1991"
"175";93;1996;10;NA;NA;NA;".4844000000000002";"1991"
"176";93;1990;2;NA;NA;NA;".4844000000000002";"1991"
"177";93;2001;11;NA;NA;NA;".4844000000000002";"1991"
"178";93;2011;11;NA;NA;NA;".4844000000000002";"1991"
"179";94;1978;2;NA;NA;NA;".2368";"1993"
"180";94;1970;2;NA;NA;NA;".2368";"1993"
"181";94;1974;2;NA;NA;NA;".2368";"1993"
"182";94;1986;2;NA;NA;NA;".2368";"1993"
"183";94;1982;2;NA;NA;NA;".2368";"1993"
"184";94;2014;2;28,1428571428571;5,30498417932204;8,14285714285714;".2368";"1993"
"185";94;1953;7;NA;NA;NA;".2368";"1993"
"186";94;1994;2;NA;NA;NA;".2368";"1993"
"187";94;1998;2;NA;NA;NA;".2368";"1993"
"188";94;1966;2;NA;NA;NA;".2368";"1993"
"189";94;1958;2;NA;NA;NA;".2368";"1993"
"190";94;1962;2;NA;NA;NA;".2368";"1993"
"191";94;2010;2;32,8095238095238;5,72795982960109;8,14285714285714;".2368";"1993"
"192";94;2006;2;NA;NA;NA;".2368";"1993"
"193";94;2002;2;NA;NA;NA;".2368";"1993"
"194";94;1990;2;NA;NA;NA;".2368";"1993"
"195";100;2006;3;15,6806722689076;3,95988286050328;4,71428571428571;".6014";"1985"
"196";100;1998;3;NA;NA;NA;".6014";"1985"
"197";100;2002;3;15,6084033613445;3,95074719025965;4,74285714285714;".6014";"1985"
"198";100;2010;3;16,3598484848485;4,04473095333281;4,78787878787879;".6014";"1985"
"199";100;2014;3;15,5587301587302;3,9444556226088;4,61111111111111;".6014";"1985"
"200";101;2010;9;0,391010712622264;0,625308493962991;1,44736842105263;".4966";"1993"
"201";110;2001;3;NA;NA;NA;".6194979999999999";"1993"
"202";110;1997;12;NA;NA;NA;".6194979999999999";"1993"
"203";110;2011;11;2,94444444444444;1,71593835683117;2,5;".6194979999999999";"1993"
"204";110;1961;8;NA;NA;NA;".6194979999999999";"1993"
"205";110;1953;4;NA;NA;NA;".6194979999999999";"1993"
"206";110;2015;5;2,94444444444444;1,71593835683117;2,5;".6194979999999999";"1993"
"207";110;2006;8;NA;NA;NA;".6194979999999999";"1993"
"208";110;1957;8;NA;NA;NA;".6194979999999999";"1993"
"209";115;2005;5;NA;NA;NA;".7332";"2001"
"210";115;2010;5;NA;NA;NA;".7332";"2001"
"211";115;2000;5;NA;NA;NA;".7332";"2001"
"212";115;2015;5;19,4333333333333;4,40832545682976;5,1;".7332";"2001"
"213";130;2013;2;5,13949579831933;2,26704561011007;3,91428571428571;".655";"1989"
"214";130;2006;10;NA;NA;NA;".655";"1989"
"215";130;1992;5;NA;NA;NA;".655";"1989"
"216";130;2009;4;15,2910052910053;3,91037150294001;4,42857142857143;".655";"1989"
"217";130;1984;1;NA;NA;NA;".655";"1989"
"218";130;1996;5;NA;NA;NA;".655";"1989"
"219";130;1988;1;NA;NA;NA;".655";"1989"
"220";130;1990;6;NA;NA;NA;".655";"1989"
"221";130;1998;5;NA;NA;NA;".655";"1989"
"222";130;1979;4;NA;NA;NA;".655";"1989"
"223";135;1963;6;19,9710144927536;4,46889410176093;5,83333333333333;".656577";"1981"
"224";135;2011;4;42,88;6,54828221749796;5;".656577";"1981"
"225";135;2001;4;42,0833333333333;6,48716681867619;4,8;".656577";"1981"
"226";135;1990;4;56,9538461538462;7,54677720314083;6,92307692307692;".656577";"1981"
"227";135;1985;4;56,9861538461538;7,54891739563719;6,88461538461539;".656577";"1981"
"228";135;2006;4;42,0833333333333;6,48716681867619;4,8;".656577";"1981"
"229";135;1980;5;58,0833333333333;7,62124224344911;7,2;".656577";"1981"
"230";140;1962;10;NA;NA;NA;".540836";"1995"
"231";140;2002;10;NA;NA;NA;".540836";"1995"
"232";140;1990;10;NA;NA;NA;".540836";"1995"
"233";140;1994;10;NA;NA;NA;".540836";"1995"
"234";140;2014;10;263,692307692308;16,2386054725247;19;".540836";"1995"
"235";140;1974;11;NA;NA;NA;".540836";"1995"
"236";140;1986;11;NA;NA;NA;".540836";"1995"
"237";140;1982;11;NA;NA;NA;".540836";"1995"
"238";140;1966;11;NA;NA;NA;".540836";"1995"
"239";140;2006;10;NA;NA;NA;".540836";"1995"
"240";140;1950;10;NA;NA;NA;".540836";"1995"
"241";140;1947;1;NA;NA;NA;".540836";"1995"
"242";140;1954;10;NA;NA;NA;".540836";"1995"
"243";140;1978;11;NA;NA;NA;".540836";"1995"
"244";140;1958;10;NA;NA;NA;".540836";"1995"
"245";140;1998;10;NA;NA;NA;".540836";"1995"
"246";140;2010;10;NA;NA;NA;".540836";"1995"
"247";140;1970;11;NA;NA;NA;".540836";"1995"
"248";145;1979;7;0;0;1;".7396250600865246";"1998"
"249";145;1993;6;0;0;1;".7396250600865246";"1998"
"250";145;2009;1;0;0;1;".7396250600865246";"1998"
"251";145;2014;10;0;0;1;".7396250600865246";"1998"
"252";145;1985;7;0;0;1;".7396250600865246";"1998"
"253";145;1989;5;0;0;1;".7396250600865246";"1998"
"254";145;2005;12;0;0;1;".7396250600865246";"1998"
"255";145;1980;6;0;0;1;".7396250600865246";"1998"
"256";145;2002;6;0;0;1;".7396250600865246";"1998"
"257";145;1997;6;0;0;1;".7396250600865246";"1998"
"258";150;2003;4;NA;NA;NA;".1688999999999999";"1998"
"259";150;1998;5;NA;NA;NA;".1688999999999999";"1998"
"260";150;1989;5;NA;NA;NA;".1688999999999999";"1998"
"261";150;2018;4;19,437908496732;4,40884434934281;4,44444444444444;".1688999999999999";"1998"
"262";150;2008;4;NA;NA;NA;".1688999999999999";"1998"
"263";150;2013;4;18,0261437908497;4,24572064446658;4,44444444444444;".1688999999999999";"1998"
"264";155;2005;12;NA;NA;NA;".1861459999999999";"1992"
"265";155;2013;12;NA;NA;NA;".1861459999999999";"1992"
"266";155;1993;12;NA;NA;NA;".1861459999999999";"1992"
"267";155;2001;12;NA;NA;NA;".1861459999999999";"1992"
"268";155;1997;12;NA;NA;NA;".1861459999999999";"1992"
"269";155;2009;12;NA;NA;NA;".1861459999999999";"1992"
"270";155;1989;12;NA;NA;NA;".1861459999999999";"1992"
"271";160;2009;6;47,3260869565217;6,87939582787047;5,25;".255";"1986"
"272";160;2003;4;NA;NA;NA;".255";"1986"
"273";160;1983;10;NA;NA;NA;".255";"1986"
"274";160;1987;9;NA;NA;NA;".255";"1986"
"275";160;1985;11;NA;NA;NA;".255";"1986"
"276";160;1997;10;NA;NA;NA;".255";"1986"
"277";160;1993;10;NA;NA;NA;".255";"1986"
"278";160;1995;5;NA;NA;NA;".255";"1986"
"279";160;2001;10;NA;NA;NA;".255";"1986"
"280";160;2015;10;46,4275362318841;6,81377547559971;5,41666666666667;".255";"1986"
"281";160;2005;10;NA;NA;NA;".255";"1986"
"282";160;2011;10;NA;NA;NA;".255";"1986"
"283";160;1999;10;NA;NA;NA;".255";"1986"
"284";160;1989;5;NA;NA;NA;".255";"1986"
"285";160;2007;10;NA;NA;NA;".255";"1986"
"286";160;1991;9;NA;NA;NA;".255";"1986"
"287";160;2013;10;NA;NA;NA;".255";"1986"
"288";165;1954;11;NA;NA;NA;".2504000000000001";"1990"
"289";165;1971;11;NA;NA;NA;".2504000000000001";"1990"
"290";165;1984;11;NA;NA;NA;".2504000000000001";"1990"
"291";165;2009;11;NA;NA;NA;".2504000000000001";"1990"
"292";165;1999;10;NA;NA;NA;".2504000000000001";"1990"
"293";165;1994;11;NA;NA;NA;".2504000000000001";"1990"
"294";165;2004;10;NA;NA;NA;".2504000000000001";"1990"
"295";165;1966;11;NA;NA;NA;".2504000000000001";"1990"
"296";165;1962;11;NA;NA;NA;".2504000000000001";"1990"
"297";165;1958;11;NA;NA;NA;".2504000000000001";"1990"
"298";165;1989;11;NA;NA;NA;".2504000000000001";"1990"
"299";165;2014;10;78,5087719298246;8,86051758814487;5,21052631578947;".2504000000000001";"1990"
"300";200;1970;6;0;0;1;".1210589999999999";"1994"
"301";200;2017;6;0;0;1;".1210589999999999";"1994"
"302";200;1974;2;0;0;1;".1210589999999999";"1994"
"303";200;1997;5;0;0;1;".1210589999999999";"1994"
"304";200;1992;4;0;0;1;".1210589999999999";"1994"
"305";200;2010;5;0;0;1;".1210589999999999";"1994"
"306";200;1950;2;0;0;1;".1210589999999999";"1994"
"307";200;2001;6;0;0;1;".1210589999999999";"1994"
"308";200;1964;10;0;0;1;".1210589999999999";"1994"
"309";200;2005;5;0;0;1;".1210589999999999";"1994"
"310";200;1974;10;0;0;1;".1210589999999999";"1994"
"311";200;1955;5;0;0;1;".1210589999999999";"1994"
"312";200;1966;3;0;0;1;".1210589999999999";"1994"
"313";200;2015;5;0;0;1;".1210589999999999";"1994"
"314";200;1959;10;0;0;1;".1210589999999999";"1994"
"315";200;1987;6;0;0;1;".1210589999999999";"1994"
"316";200;1979;5;0;0;1;".1210589999999999";"1994"
"317";200;1983;6;0;0;1;".1210589999999999";"1994"
"318";200;1951;10;0;0;1;".1210589999999999";"1994"
"319";205;1997;6;NA;NA;NA;".1206349999999999";"1995"
"320";205;2016;2;0,63525641025641;0,797029742391343;3,925;".1206349999999999";"1995"
"321";205;1989;6;NA;NA;NA;".1206349999999999";"1995"
"322";205;1992;11;NA;NA;NA;".1206349999999999";"1995"
"323";205;1982;11;NA;NA;NA;".1206349999999999";"1995"
"324";205;1969;6;NA;NA;NA;".1206349999999999";"1995"
"325";205;2007;5;0,694352159468439;0,83327796050804;3,86046511627907;".1206349999999999";"1995"
"326";205;1987;2;NA;NA;NA;".1206349999999999";"1995"
"327";205;1981;6;NA;NA;NA;".1206349999999999";"1995"
"328";205;1973;2;NA;NA;NA;".1206349999999999";"1995"
"329";205;2002;5;0,72938443670151;0,854040067386484;3,95238095238095;".1206349999999999";"1995"
"330";205;1948;2;NA;NA;NA;".1206349999999999";"1995"
"331";205;2011;2;0,646733111849391;0,804197184681339;3,86046511627907;".1206349999999999";"1995"
"332";205;1982;2;NA;NA;NA;".1206349999999999";"1995"
"333";205;1957;3;NA;NA;NA;".1206349999999999";"1995"
"334";205;1965;4;NA;NA;NA;".1206349999999999";"1995"
"335";205;1977;6;NA;NA;NA;".1206349999999999";"1995"
"336";205;1961;10;NA;NA;NA;".1206349999999999";"1995"
"337";205;1951;5;NA;NA;NA;".1206349999999999";"1995"
"338";205;1954;4;NA;NA;NA;".1206349999999999";"1995"
"339";210;1956;6;NA;NA;NA;".1053722903125876";"1995"
"340";210;1982;9;NA;NA;NA;".1053722903125876";"1995"
"341";210;1948;7;NA;NA;NA;".1053722903125876";"1995"
"342";210;2002;5;NA;NA;NA;".1053722903125876";"1995"
"343";210;1952;6;NA;NA;NA;".1053722903125876";"1995"
"344";210;2006;11;NA;NA;NA;".1053722903125876";"1995"
"345";210;1972;11;NA;NA;NA;".1053722903125876";"1995"
"346";210;1959;3;NA;NA;NA;".1053722903125876";"1995"
"347";210;2003;1;NA;NA;NA;".1053722903125876";"1995"
"348";210;1963;5;NA;NA;NA;".1053722903125876";"1995"
"349";210;1981;5;NA;NA;NA;".1053722903125876";"1995"
"350";210;1998;5;NA;NA;NA;".1053722903125876";"1995"
"351";210;1994;5;NA;NA;NA;".1053722903125876";"1995"
"352";210;1946;5;NA;NA;NA;".1053722903125876";"1995"
"353";210;1971;4;NA;NA;NA;".1053722903125876";"1995"
"354";210;2012;9;NA;NA;NA;".1053722903125876";"1995"
"355";210;1967;2;NA;NA;NA;".1053722903125876";"1995"
"356";210;1986;5;NA;NA;NA;".1053722903125876";"1995"
"357";210;2017;3;NA;NA;NA;".1053722903125876";"1995"
"358";210;1977;5;NA;NA;NA;".1053722903125876";"1995"
"359";210;1989;9;NA;NA;NA;".1053722903125876";"1995"
"360";210;2010;6;NA;NA;NA;".1053722903125876";"1995"
"361";211;1965;5;NA;NA;NA;".5554";"2001"
"362";211;1978;12;NA;NA;NA;".5554";"2001"
"363";211;1987;12;NA;NA;NA;".5554";"2001"
"364";211;1958;6;NA;NA;NA;".5554";"2001"
"365";211;2003;5;NA;NA;NA;".5554";"2001"
"366";211;1991;11;NA;NA;NA;".5554";"2001"
"367";211;1974;3;NA;NA;NA;".5554";"2001"
"368";211;1949;6;NA;NA;NA;".5554";"2001"
"369";211;1946;2;NA;NA;NA;".5554";"2001"
"370";211;2010;6;NA;NA;NA;".5554";"2001"
"371";211;1985;10;NA;NA;NA;".5554";"2001"
"372";211;1999;6;NA;NA;NA;".5554";"2001"
"373";211;1961;3;NA;NA;NA;".5554";"2001"
"374";211;1981;11;NA;NA;NA;".5554";"2001"
"375";211;1977;4;NA;NA;NA;".5554";"2001"
"376";211;1995;5;NA;NA;NA;".5554";"2001"
"377";211;1971;11;NA;NA;NA;".5554";"2001"
"378";211;1968;3;NA;NA;NA;".5554";"2001"
"379";211;1950;6;NA;NA;NA;".5554";"2001"
"380";211;2007;6;NA;NA;NA;".5554";"2001"
"381";211;1954;4;NA;NA;NA;".5554";"2001"
"382";211;2014;5;NA;NA;NA;".5554";"2001"
"383";212;1948;6;98;9,89949493661167;13;".5302380000000001";"1996"
"384";212;1989;6;66,6666666666667;8,16496580927726;15;".5302380000000001";"1996"
"385";212;2009;6;66,6666666666667;8,16496580927726;15;".5302380000000001";"1996"
"386";212;1984;6;86,6666666666667;9,30949336251263;16;".5302380000000001";"1996"
"387";212;1959;2;38,6666666666667;6,21825270205921;13;".5302380000000001";"1996"
"388";212;1999;6;66,6666666666667;8,16496580927726;15;".5302380000000001";"1996"
"389";212;1979;6;74,25;8,61684396980704;14,75;".5302380000000001";"1996"
"390";212;2013;10;66,6666666666667;8,16496580927726;15;".5302380000000001";"1996"
"391";212;2004;6;66,6666666666667;8,16496580927726;15;".5302380000000001";"1996"
"392";212;1954;5;38,6666666666667;6,21825270205921;13;".5302380000000001";"1996"
"393";212;1994;6;66,6666666666667;8,16496580927726;15;".5302380000000001";"1996"
"394";212;1951;6;18;4,24264068711928;13;".5302380000000001";"1996"
"395";212;1974;5;74,25;8,61684396980704;14,75;".5302380000000001";"1996"
"396";212;1968;12;62;7,87400787401181;14;".5302380000000001";"1996"
"397";212;1964;6;62;7,87400787401181;14;".5302380000000001";"1996"
"398";220;2017;6;0;0;1;".1032168408080315";"1999"
"399";220;2002;6;0;0;1;".1032168408080315";"1999"
"400";220;1978;3;0;0;1;".1032168408080315";"1999"
"401";220;1997;5;0;0;1;".1032168408080315";"1999"
"402";220;1981;6;0;0;1;".1032168408080315";"1999"
"403";220;2007;6;0;0;1;".1032168408080315";"1999"
"404";220;1993;3;0;0;1;".1032168408080315";"1999"
"405";220;2012;6;0;0;1;".1032168408080315";"1999"
"406";220;1988;6;0;0;1;".1032168408080315";"1999"
"407";220;1986;3;16,7200657894737;4,08901770471512;5,78125;".1032168408080315";"1999"
"408";220;1973;3;0;0;1;".1032168408080315";"1999"
"409";225;1963;10;NA;NA;NA;".5314";"2001"
"410";225;1967;10;NA;NA;NA;".5314";"2001"
"411";225;1951;10;NA;NA;NA;".5314";"2001"
"412";225;1987;10;NA;NA;NA;".5314";"2001"
"413";225;1979;10;NA;NA;NA;".5314";"2001"
"414";225;1999;10;65,9566666666667;8,1213709844254;7,96;".5314";"2001"
"415";225;1995;10;NA;NA;NA;".5314";"2001"
"416";225;2011;10;64,7015384615385;8,043726652587;7,69230769230769;".5314";"2001"
"417";225;1947;10;NA;NA;NA;".5314";"2001"
"418";225;1975;10;NA;NA;NA;".5314";"2001"
"419";225;1991;10;NA;NA;NA;".5314";"2001"
"420";225;2003;10;64,7015384615385;8,043726652587;7,69230769230769;".5314";"2001"
"421";225;2015;10;66,3815384615385;8,14748663463393;7,69230769230769;".5314";"2001"
"422";225;1955;10;NA;NA;NA;".5314";"2001"
"423";225;1959;10;NA;NA;NA;".5314";"2001"
"424";225;1983;10;NA;NA;NA;".5314";"2001"
"425";225;1971;10;NA;NA;NA;".5314";"2001"
"426";225;2007;10;65,4566666666667;8,09052944291452;7,96;".5314";"2001"
"427";230;1977;6;NA;NA;NA;".4164629999999999";"1991"
"428";230;1993;6;NA;NA;NA;".4164629999999999";"1991"
"429";230;1979;3;NA;NA;NA;".4164629999999999";"1991"
"430";230;2011;11;37,4555052790347;6,12009029990855;6,73076923076923;".4164629999999999";"1991"
"431";230;1989;10;NA;NA;NA;".4164629999999999";"1991"
"432";230;2008;3;36,3966817496229;6,03296624800959;6,73076923076923;".4164629999999999";"1991"
"433";230;2000;3;35,2986425339367;5,94126607163294;6,73076923076923;".4164629999999999";"1991"
"434";230;1982;10;NA;NA;NA;".4164629999999999";"1991"
"435";230;2015;12;37,3770739064857;6,11367924465176;6,73076923076923;".4164629999999999";"1991"
"436";230;1986;6;NA;NA;NA;".4164629999999999";"1991"
"437";230;2004;3;36,1613876319759;6,01343393012478;6,73076923076923;".4164629999999999";"1991"
"438";230;1996;3;NA;NA;NA;".4164629999999999";"1991"
"439";230;2016;6;37,8084464555053;6,14885732925275;6,73076923076923;".4164629999999999";"1991"
"440";235;1987;7;NA;NA;NA;".0467573696145123";"1998"
"441";235;2009;9;NA;NA;NA;".0467573696145123";"1998"
"442";235;1979;12;NA;NA;NA;".0467573696145123";"1998"
"443";235;2011;6;NA;NA;NA;".0467573696145123";"1998"
"444";235;2002;3;NA;NA;NA;".0467573696145123";"1998"
"445";235;1991;10;NA;NA;NA;".0467573696145123";"1998"
"446";235;1975;4;NA;NA;NA;".0467573696145123";"1998"
"447";235;1980;10;NA;NA;NA;".0467573696145123";"1998"
"448";235;1985;10;NA;NA;NA;".0467573696145123";"1998"
"449";235;1995;10;NA;NA;NA;".0467573696145123";"1998"
"450";235;1999;10;NA;NA;NA;".0467573696145123";"1998"
"451";235;2005;2;NA;NA;NA;".0467573696145123";"1998"
"452";235;1983;4;NA;NA;NA;".0467573696145123";"1998"
"453";235;2015;10;137,307359307359;11,7178222937267;10,4545454545455;".0467573696145123";"1998"
"454";235;1976;4;NA;NA;NA;".0467573696145123";"1998"
"455";260;1953;9;0;0;1;".1682020000000001";"1997"
"456";260;2013;9;0;0;1;".1682020000000001";"1997"
"457";260;2005;9;0;0;1;".1682020000000001";"1997"
"458";260;2002;9;0;0;1;".1682020000000001";"1997"
"459";260;1980;10;0;0;1;".1682020000000001";"1997"
"460";260;1990;12;0;0;1;".1682020000000001";"1997"
"461";260;1965;9;0;0;1;".1682020000000001";"1997"
"462";260;1987;1;0;0;1;".1682020000000001";"1997"
"463";260;1998;9;0;0;1;".1682020000000001";"1997"
"464";260;1969;9;0;0;1;".1682020000000001";"1997"
"465";260;2009;9;0;0;1;".1682020000000001";"1997"
"466";260;1994;10;0;0;1;".1682020000000001";"1997"
"467";260;1972;11;0;0;1;".1682020000000001";"1997"
"468";260;1983;3;0;0;1;".1682020000000001";"1997"
"469";260;1949;8;0;0;1;".1682020000000001";"1997"
"470";260;1976;10;0;0;1;".1682020000000001";"1997"
"471";260;1961;9;0;0;1;".1682020000000001";"1997"
"472";260;1957;9;0;0;1;".1682020000000001";"1997"
"473";290;1991;10;6,91891891891892;2,63038379688572;10,5675675675676;".1183395341893348";"1998"
"474";290;2001;9;7,22560975609756;2,68804943334336;11,219512195122;".1183395341893348";"1998"
"475";290;1993;9;NA;NA;NA;".1183395341893348";"1998"
"476";290;2005;9;6,77560975609756;2,60300014523579;11,219512195122;".1183395341893348";"1998"
"477";290;1997;9;12,7643288084465;3,57272008537564;7,51923076923077;".1183395341893348";"1998"
"478";290;2011;10;7,02560975609756;2,65058668149102;11,219512195122;".1183395341893348";"1998"
"479";290;2007;10;6,77560975609756;2,60300014523579;11,219512195122;".1183395341893348";"1998"
"480";290;2015;10;7,02560975609756;2,65058668149102;11,219512195122;".1183395341893348";"1998"
"481";305;1959;5;NA;NA;NA;".1067761823104126";"1998"
"482";305;1994;10;NA;NA;NA;".1067761823104126";"1998"
"483";305;1983;4;NA;NA;NA;".1067761823104126";"1998"
"484";305;1962;11;NA;NA;NA;".1067761823104126";"1998"
"485";305;1949;10;NA;NA;NA;".1067761823104126";"1998"
"486";305;1979;5;NA;NA;NA;".1067761823104126";"1998"
"487";305;1953;2;NA;NA;NA;".1067761823104126";"1998"
"488";305;1999;10;NA;NA;NA;".1067761823104126";"1998"
"489";305;1956;5;NA;NA;NA;".1067761823104126";"1998"
"490";305;2006;10;NA;NA;NA;".1067761823104126";"1998"
"491";305;2013;9;NA;NA;NA;".1067761823104126";"1998"
"492";305;1995;12;NA;NA;NA;".1067761823104126";"1998"
"493";305;1975;10;NA;NA;NA;".1067761823104126";"1998"
"494";305;1971;10;NA;NA;NA;".1067761823104126";"1998"
"495";305;1986;11;NA;NA;NA;".1067761823104126";"1998"
"496";305;1970;3;NA;NA;NA;".1067761823104126";"1998"
"497";305;1990;10;NA;NA;NA;".1067761823104126";"1998"
"498";305;2002;11;NA;NA;NA;".1067761823104126";"1998"
"499";305;2008;9;NA;NA;NA;".1067761823104126";"1998"
"500";305;1966;3;NA;NA;NA;".1067761823104126";"1998"
"501";310;2014;4;79,1028037383178;8,89397569922011;1,85981308411215;".1522";"1993"
"502";310;1990;3;4,9178440607012;2,21762126178056;1,51020408163265;".1522";"1993"
"503";310;2006;4;0;0;1;".1522";"1993"
"504";310;1994;5;4,90641025641026;2,21504181820801;1,53571428571429;".1522";"1993"
"505";310;2002;4;0;0;1;".1522";"1993"
"506";310;1998;5;0;0;1;".1522";"1993"
"507";310;2010;4;0;0;1;".1522";"1993"
"508";316;2010;5;41,6043956043956;6,45014694440333;14,2857142857143;".3221639999999998";"1991"
"509";316;1998;6;88;9,38083151964686;25;".3221639999999998";"1991"
"510";316;2006;6;41,4505494505495;6,4382101123332;14,2857142857143;".3221639999999998";"1991"
"511";316;2013;10;41,2967032967033;6,42625110750454;14,2857142857143;".3221639999999998";"1991"
"512";316;1996;5;78,9821428571429;8,88718981777383;25,125;".3221639999999998";"1991"
"513";316;2017;10;43,4505494505495;6,59170307663729;14,2857142857143;".3221639999999998";"1991"
"514";316;1990;6;78;8,83176086632785;24,5;".3221639999999998";"1991"
"515";316;2002;7;41,1428571428571;6,41426980589818;14,2857142857143;".3221639999999998";"1991"
"516";316;1992;6;74,2857142857143;8,61891607371335;22;".3221639999999998";"1991"
"517";317;2002;9;NA;NA;150;".2538959999999998";"1996"
"518";317;2016;3;NA;NA;150;".2538959999999998";"1996"
"519";317;1992;6;NA;NA;NA;".2538959999999998";"1996"
"520";317;2012;3;NA;NA;150;".2538959999999998";"1996"
"521";317;2006;6;NA;NA;150;".2538959999999998";"1996"
"522";317;1994;9;NA;NA;NA;".2538959999999998";"1996"
"523";317;1990;6;NA;NA;NA;".2538959999999998";"1996"
"524";317;2010;6;NA;NA;150;".2538959999999998";"1996"
"525";317;1998;9;NA;NA;150;".2538959999999998";"1996"
"526";325;1972;5;NA;NA;NA;".1145190000000001";"1983"
"527";325;2006;4;149,484615384615;12,2263901207435;23,7307692307692;".1145190000000001";"1983"
"528";325;1983;6;NA;NA;NA;".1145190000000001";"1983"
"529";325;1979;6;NA;NA;NA;".1145190000000001";"1983"
"530";325;2013;2;154,764615384615;12,4404427326609;23,7307692307692;".1145190000000001";"1983"
"531";325;2018;3;625,420832439391;25,0084152324651;2,65822784810127;".1145190000000001";"1983"
"532";325;1994;3;NA;NA;NA;".1145190000000001";"1983"
"533";325;1963;4;NA;NA;NA;".1145190000000001";"1983"
"534";325;1958;5;NA;NA;NA;".1145190000000001";"1983"
"535";325;2001;5;8,51846153846154;2,91864035784842;5,96153846153846;".1145190000000001";"1983"
"536";325;1946;6;NA;NA;NA;".1145190000000001";"1983"
"537";325;1968;5;NA;NA;NA;".1145190000000001";"1983"
"538";325;1953;6;NA;NA;NA;".1145190000000001";"1983"
"539";325;2008;4;150,204615384615;12,2557992552348;23,7307692307692;".1145190000000001";"1983"
"540";325;1948;4;NA;NA;NA;".1145190000000001";"1983"
"541";325;1976;6;NA;NA;NA;".1145190000000001";"1983"
"542";325;1987;6;NA;NA;NA;".1145190000000001";"1983"
"543";325;1996;4;NA;NA;NA;".1145190000000001";"1983"
"544";325;1992;4;NA;NA;NA;".1145190000000001";"1983"
"545";338;2017;6;0;0;5;".0414322107443801";"1996"
"546";338;1950;9;0;0;5;".0414322107443801";"1996"
"547";338;2013;3;0;0;5;".0414322107443801";"1996"
"548";338;1998;9;0;0;5;".0414322107443801";"1996"
"549";338;1955;2;0;0;5;".0414322107443801";"1996"
"550";338;1947;10;0;0;5;".0414322107443801";"1996"
"551";338;1996;10;0;0;5;".0414322107443801";"1996"
"552";338;1987;5;0;0;5;".0414322107443801";"1996"
"553";338;1953;12;0;0;5;".0414322107443801";"1996"
"554";338;1971;6;0,277777777777778;0,52704627669473;5,5;".0414322107443801";"1996"
"555";338;1976;9;0;0;5;".0414322107443801";"1996"
"556";338;1951;5;0;0;5;".0414322107443801";"1996"
"557";338;1966;3;0;0;5;".0414322107443801";"1996"
"558";338;2008;3;0;0;5;".0414322107443801";"1996"
"559";338;2003;4;0;0;5;".0414322107443801";"1996"
"560";338;1981;12;0;0;5;".0414322107443801";"1996"
"561";338;1962;2;0;0;5;".0414322107443801";"1996"
"562";338;1992;2;0;0;5;".0414322107443801";"1996"
"563";339;2009;6;NA;NA;NA;".220426";"1989"
"564";339;2013;5;NA;NA;NA;".220426";"1989"
"565";339;2001;6;0;0;1;".220426";"1989"
"566";339;2017;6;65,8787878787879;8,1165748859225;11,6666666666667;".220426";"1989"
"567";339;2005;7;0;0;1;".220426";"1989"
"568";343;2008;6;0;0;20;".5022579999999999";"1994"
"569";343;2011;6;0;0;20;".5022579999999999";"1994"
"570";343;2014;4;90,25;9,5;13,6666666666667;".5022579999999999";"1994"
"571";343;2006;7;0;0;20;".5022579999999999";"1994"
"572";343;2002;9;0;0;20;".5022579999999999";"1994"
"573";344;1992;8;53,5538461538462;7,3180493407633;1,90769230769231;".369026";"1991"
"574";344;2016;9;40,1102941176471;6,33326883352089;8,88235294117647;".369026";"1991"
"575";344;2007;11;38,875;6,23498195666996;9;".369026";"1991"
"576";344;2015;11;40,1102941176471;6,33326883352089;8,88235294117647;".369026";"1991"
"577";344;2011;12;40,1102941176471;6,33326883352089;8,88235294117647;".369026";"1991"
"578";344;2003;11;39,4338235294118;6,27963562075156;8,94117647058824;".369026";"1991"
"579";344;1990;4;0;0;1;".369026";"1991"
"580";344;2000;1;38,3958333333333;6,19643714834043;9,4375;".369026";"1991"
"581";344;1995;10;180,12268907563;13,4209794380153;3,62857142857143;".369026";"1991"
"582";346;2006;10;2,17777777777778;1,47572957474524;4,2;".630038";"1991"
"583";346;2010;10;2,17777777777778;1,47572957474524;4,2;".630038";"1991"
"584";346;2014;10;2,17777777777778;1,47572957474524;4,2;".630038";"1991"
"585";346;2002;10;1,35714285714286;1,16496474502144;3,75;".630038";"1991"
"586";346;1996;11;98;9,89949493661167;21;".630038";"1991"
"587";346;1998;11;98;9,89949493661167;21;".630038";"1991"
"588";349;2011;12;0;0;1;".2216480000000001";"1991"
"589";349;2008;9;0;0;1;".2216480000000001";"1991"
"590";349;2014;7;0;0;1;".2216480000000001";"1991"
"591";349;1996;11;0;0;1;".2216480000000001";"1991"
"592";349;2004;10;0;0;1;".2216480000000001";"1991"
"593";349;2000;10;0;0;1;".2216480000000001";"1991"
"594";350;2007;9;NA;NA;NA;".1576300998479137";"1998"
"595";350;1993;10;NA;NA;NA;".1576300998479137";"1998"
"596";350;1985;6;NA;NA;NA;".1576300998479137";"1998"
"597";350;1951;9;NA;NA;NA;".1576300998479137";"1998"
"598";350;1989;6;NA;NA;NA;".1576300998479137";"1998"
"599";350;1964;2;NA;NA;NA;".1576300998479137";"1998"
"600";350;2012;5;NA;NA;NA;".1576300998479137";"1998"
"601";350;1956;2;NA;NA;NA;".1576300998479137";"1998"
"602";350;1977;11;NA;NA;NA;".1576300998479137";"1998"
"603";350;2000;4;30,3792207792208;5,51173482482791;5,14285714285714;".1576300998479137";"1998"
"604";350;1996;9;NA;NA;NA;".1576300998479137";"1998"
"605";350;1974;11;NA;NA;NA;".1576300998479137";"1998"
"606";350;2015;1;NA;NA;NA;".1576300998479137";"1998"
"607";350;1946;3;NA;NA;NA;".1576300998479137";"1998"
"608";350;2015;9;NA;NA;NA;".1576300998479137";"1998"
"609";350;1961;10;NA;NA;NA;".1576300998479137";"1998"
"610";350;2012;6;NA;NA;NA;".1576300998479137";"1998"
"611";350;1981;10;NA;NA;NA;".1576300998479137";"1998"
"612";350;1963;11;NA;NA;NA;".1576300998479137";"1998"
"613";350;2004;3;36,9857142857143;6,08158813844824;5,17857142857143;".1576300998479137";"1998"
"614";350;1958;5;NA;NA;NA;".1576300998479137";"1998"
"615";350;2009;10;NA;NA;NA;".1576300998479137";"1998"
"616";350;1989;11;NA;NA;NA;".1576300998479137";"1998"
"617";350;1952;11;NA;NA;NA;".1576300998479137";"1998"
"618";350;1990;4;NA;NA;NA;".1576300998479137";"1998"
"619";352;1996;5;46,6666666666667;6,83130051063973;9,33333333333333;".0938540000000001";"1992"
"620";352;1991;5;46,6666666666667;6,83130051063973;9,33333333333333;".0938540000000001";"1992"
"621";352;2016;5;40,6666666666667;6,37704215656967;9,33333333333333;".0938540000000001";"1992"
"622";352;1985;12;46,6666666666667;6,83130051063973;9,33333333333333;".0938540000000001";"1992"
"623";352;1981;5;13,3666666666667;3,65604522218567;5,83333333333333;".0938540000000001";"1992"
"624";352;2006;5;40,6666666666667;6,37704215656967;9,33333333333333;".0938540000000001";"1992"
"625";352;2001;5;40,6666666666667;6,37704215656967;9,33333333333333;".0938540000000001";"1992"
"626";352;2011;5;40,6666666666667;6,37704215656967;9,33333333333333;".0938540000000001";"1992"
"627";355;2001;6;9,46451612903226;3,07644537234651;7,74193548387097;".4021141144140575";"1992"
"628";355;1991;10;7,53118279569892;2,74430005569707;7,74193548387097;".4021141144140575";"1992"
"629";355;2014;10;14,1311827956989;3,75914655150593;7,74193548387097;".4021141144140575";"1992"
"630";355;2005;6;9,53118279569892;3,08726137469747;7,74193548387097;".4021141144140575";"1992"
"631";355;1994;12;7,93118279569893;2,81623557176933;7,74193548387097;".4021141144140575";"1992"
"632";355;1997;4;8,39784946236559;2,89790432250024;7,74193548387097;".4021141144140575";"1992"
"633";355;2009;7;12,0158646218932;3,46639071973908;3,87096774193548;".4021141144140575";"1992"
"634";355;2013;5;14,1311827956989;3,75914655150593;7,74193548387097;".4021141144140575";"1992"
"635";355;2017;3;15,5483870967742;3,94314431599633;7,5;".4021141144140575";"1992"
"636";359;1998;3;NA;NA;101;".553478";"1989"
"637";359;1994;2;NA;NA;104;".553478";"1989"
"638";359;2005;3;NA;NA;101;".553478";"1989"
"639";359;2001;2;NA;NA;101;".553478";"1989"
"640";359;2009;4;NA;NA;101;".553478";"1989"
"641";359;2009;7;NA;NA;101;".553478";"1989"
"642";359;2010;11;NA;NA;101;".553478";"1989"
"643";360;2016;12;17,0996677740864;4,13517445509695;7,25581395348837;".3068702570167496";"1998"
"644";360;2012;12;0;0;1;".3068702570167496";"1998"
"645";360;1990;5;39,0878048780488;6,25202406249758;9,63414634146342;".3068702570167496";"1998"
"646";360;1992;9;20,1562137049942;4,48956720686908;8,11904761904762;".3068702570167496";"1998"
"647";360;2004;11;15,6701509872242;3,95855415363036;7,47619047619048;".3068702570167496";"1998"
"648";360;2000;11;26,2212543554007;5,12066932689475;8,21428571428571;".3068702570167496";"1998"
"649";360;1996;11;21,7032520325203;4,65867492239159;8,16666666666667;".3068702570167496";"1998"
"650";365;2011;12;NA;NA;NA;".24517";"1997"
"651";365;2007;12;NA;NA;NA;".24517";"1997"
"652";365;2003;12;NA;NA;NA;".24517";"1997"
"653";366;2011;3;5,35606060606061;2,31431644466797;8,41666666666667;".50617";"1994"
"654";366;1992;9;11,9015151515152;3,4498572653829;8,41666666666667;".50617";"1994"
"655";366;1999;3;2,56363636363636;1,60113596038449;9,18181818181818;".50617";"1994"
"656";366;1995;3;3,36363636363636;1,83402190925746;9,18181818181818;".50617";"1994"
"657";366;2015;3;8,99242424242424;2,99873710792131;8,41666666666667;".50617";"1994"
"658";366;2007;3;3,53787878787879;1,88092498199125;8,41666666666667;".50617";"1994"
"659";366;2003;3;5,35606060606061;2,31431644466797;8,41666666666667;".50617";"1994"
"660";367;1995;9;32,5;5,70087712549569;20;".586668";"1996"
"661";367;2010;10;55;7,41619848709566;20;".586668";"1996"
"662";367;2011;9;62;7,87400787401181;20;".586668";"1996"
"663";367;2006;10;48,5;6,96419413859206;20;".586668";"1996"
"664";367;2002;10;42,5;6,51920240520265;20;".586668";"1996"
"665";367;1998;10;38,5;6,20483682299543;20;".586668";"1996"
"666";367;2014;10;72,5;8,5146931829632;20;".586668";"1996"
"667";368;2000;10;66,125;8,1317279836453;1,95833333333333;".3222700000000002";"1996"
"668";368;2012;10;66,125;8,1317279836453;1,95833333333333;".3222700000000002";"1996"
"669";368;1992;10;66,125;8,1317279836453;1,95833333333333;".3222700000000002";"1996"
"670";368;2004;10;66,125;8,1317279836453;1,95833333333333;".3222700000000002";"1996"
"671";368;1996;10;66,125;8,1317279836453;1,95833333333333;".3222700000000002";"1996"
"672";368;2008;10;66,125;8,1317279836453;1,95833333333333;".3222700000000002";"1996"
"673";369;2014;11;222,017699115044;14,9002583573254;1,99115044247788;".4736719999999999";"1998"
"674";369;2007;9;NA;NA;NA;".4736719999999999";"1998"
"675";369;2002;10;222,017699115044;14,9002583573254;1,99115044247788;".4736719999999999";"1998"
"676";369;2012;10;222,017699115044;14,9002583573254;1,99115044247788;".4736719999999999";"1998"
"677";369;1998;3;222,017699115044;14,9002583573254;1,99115044247788;".4736719999999999";"1998"
"678";369;2006;7;NA;NA;NA;".4736719999999999";"1998"
"679";370;2004;10;0;0;1;".3221839999999999";"2001"
"680";370;2008;9;0;0;1;".3221839999999999";"2001"
"681";370;2005;3;NA;NA;1;".3221839999999999";"2001"
"682";371;2012;5;188,595238095238;13,7329981466262;3,11904761904762;".1271540000000001";"1989"
"683";371;2017;4;204,269230769231;14,2922787115712;7,5;".1271540000000001";"1989"
"684";371;2007;5;188,595238095238;13,7329981466262;3,11904761904762;".1271540000000001";"1989"
"685";372;2016;10;78,054054054054;8,83482054453026;2,02702702702703;".4922740000000002";"1989"
"686";372;2012;10;78,054054054054;8,83482054453026;2,02702702702703;".4922740000000002";"1989"
"687";373;2015;11;0;0;1;".204672";"1995"
"688";373;2016;6;NA;NA;1;".204672";"1995"
"689";373;2010;11;0;0;1;".204672";"1995"
"690";375;1987;3;NA;NA;NA;".1314973099999999";"2001"
"691";375;1999;3;52,2380952380952;7,22759263088998;13,3333333333333;".1314973099999999";"2001"
"692";375;1975;9;NA;NA;NA;".1314973099999999";"2001"
"693";375;1972;1;NA;NA;NA;".1314973099999999";"2001"
"694";375;1958;7;NA;NA;NA;".1314973099999999";"2001"
"695";375;1979;3;NA;NA;NA;".1314973099999999";"2001"
"696";375;1983;3;NA;NA;NA;".1314973099999999";"2001"
"697";375;1962;2;NA;NA;NA;".1314973099999999";"2001"
"698";375;2007;3;64,2380952380952;8,01486713789413;13,3333333333333;".1314973099999999";"2001"
"699";375;2003;3;60,3809523809524;7,77051815395553;13,3333333333333;".1314973099999999";"2001"
"700";375;1954;3;NA;NA;NA;".1314973099999999";"2001"
"701";375;1995;3;NA;NA;NA;".1314973099999999";"2001"
"702";375;2015;4;68,0897435897436;8,25165096145878;15,3846153846154;".1314973099999999";"2001"
"703";375;1991;3;NA;NA;NA;".1314973099999999";"2001"
"704";375;1951;7;NA;NA;NA;".1314973099999999";"2001"
"705";375;1948;7;NA;NA;NA;".1314973099999999";"2001"
"706";375;2011;4;67,8095238095238;8,2346538366542;13,3333333333333;".1314973099999999";"2001"
"707";375;1970;3;NA;NA;NA;".1314973099999999";"2001"
"708";375;1966;3;NA;NA;NA;".1314973099999999";"2001"
"709";380;1960;9;NA;NA;NA;".059993649765273";"1998"
"710";380;1958;6;NA;NA;NA;".059993649765273";"1998"
"711";380;1991;9;NA;NA;NA;".059993649765273";"1998"
"712";380;1985;9;NA;NA;NA;".059993649765273";"1998"
"713";380;1952;9;NA;NA;NA;".059993649765273";"1998"
"714";380;1956;9;NA;NA;NA;".059993649765273";"1998"
"715";380;2002;9;48,5344827586207;6,96666941648739;12,0344827586207;".059993649765273";"1998"
"716";380;1982;9;NA;NA;NA;".059993649765273";"1998"
"717";380;1994;9;NA;NA;NA;".059993649765273";"1998"
"718";380;2010;9;48,7931034482759;6,98520604193433;11,6896551724138;".059993649765273";"1998"
"719";380;1970;9;NA;NA;NA;".059993649765273";"1998"
"720";380;1979;9;NA;NA;NA;".059993649765273";"1998"
"721";380;1998;9;NA;NA;NA;".059993649765273";"1998"
"722";380;1948;9;NA;NA;NA;".059993649765273";"1998"
"723";380;1976;9;NA;NA;NA;".059993649765273";"1998"
"724";380;2014;9;53,820197044335;7,33622498594032;12,0344827586207;".059993649765273";"1998"
"725";380;1968;9;NA;NA;NA;".059993649765273";"1998"
"726";380;1973;9;NA;NA;NA;".059993649765273";"1998"
"727";380;2006;9;NA;NA;NA;".059993649765273";"1998"
"728";380;1964;9;NA;NA;NA;".059993649765273";"1998"
"729";380;1988;9;NA;NA;NA;".059993649765273";"1998"
"730";385;1965;9;NA;NA;NA;".0586";"1998"
"731";385;1949;10;NA;NA;NA;".0586";"1998"
"732";385;1957;10;NA;NA;NA;".0586";"1998"
"733";385;1985;9;NA;NA;NA;".0586";"1998"
"734";385;2013;9;19,9883040935673;4,47082812167582;8,89473684210526;".0586";"1998"
"735";385;1981;9;NA;NA;NA;".0586";"1998"
"736";385;2009;9;NA;NA;NA;".0586";"1998"
"737";385;2005;9;NA;NA;NA;".0586";"1998"
"738";385;1969;9;NA;NA;NA;".0586";"1998"
"739";385;1977;9;NA;NA;NA;".0586";"1998"
"740";385;1993;9;NA;NA;NA;".0586";"1998"
"741";385;1989;9;NA;NA;NA;".0586";"1998"
"742";385;1953;10;NA;NA;NA;".0586";"1998"
"743";385;1997;9;NA;NA;NA;".0586";"1998"
"744";385;2017;9;19,9883040935673;4,47082812167582;8,89473684210526;".0586";"1998"
"745";385;1973;9;NA;NA;NA;".0586";"1998"
"746";385;1961;9;NA;NA;NA;".0586";"1998"
"747";385;2001;9;NA;NA;NA;".0586";"1998"
"748";390;1950;9;NA;NA;NA;".08186";"1996"
"749";390;1968;1;NA;NA;NA;".08186";"1996"
"750";390;2007;11;42,4469696969697;6,51513389708682;11,5833333333333;".08186";"1996"
"751";390;1947;10;NA;NA;NA;".08186";"1996"
"752";390;1979;10;NA;NA;NA;".08186";"1996"
"753";390;1971;9;NA;NA;NA;".08186";"1996"
"754";390;1964;9;NA;NA;NA;".08186";"1996"
"755";390;1984;1;NA;NA;NA;".08186";"1996"
"756";390;1975;1;NA;NA;NA;".08186";"1996"
"757";390;1966;11;NA;NA;NA;".08186";"1996"
"758";390;1953;9;NA;NA;NA;".08186";"1996"
"759";390;2005;2;16,5614035087719;4,06957043295381;7,31578947368421;".08186";"1996"
"760";390;1987;9;NA;NA;NA;".08186";"1996"
"761";390;2011;9;41,5378787878788;6,44498865692398;11,5833333333333;".08186";"1996"
"762";390;1981;12;NA;NA;NA;".08186";"1996"
"763";390;2001;11;16,5614035087719;4,06957043295381;7,31578947368421;".08186";"1996"
"764";390;1977;2;NA;NA;NA;".08186";"1996"
"765";390;2015;6;69,719696969697;8,34983215218707;13,4166666666667;".08186";"1996"
"766";390;1994;9;NA;NA;NA;".08186";"1996"
"767";390;1957;5;NA;NA;NA;".08186";"1996"
"768";390;1988;5;NA;NA;NA;".08186";"1996"
"769";390;1953;4;NA;NA;NA;".08186";"1996"
"770";390;1990;12;NA;NA;NA;".08186";"1996"
"771";390;1998;3;NA;NA;NA;".08186";"1996"
"772";390;1973;12;NA;NA;NA;".08186";"1996"
"773";390;1960;11;NA;NA;NA;".08186";"1996"
"774";395;1999;5;NA;NA;NA;".0797959999999998";"1995"
"775";395;1946;6;1,81349206349206;1,34665959451231;1,46428571428571;".0797959999999998";"1995"
"776";395;2017;10;2,7;1,6431676725155;10,5;".0797959999999998";"1995"
"777";395;1956;6;1,81349206349206;1,34665959451231;1,46428571428571;".0797959999999998";"1995"
"778";395;1953;6;1,81349206349206;1,34665959451231;1,46428571428571;".0797959999999998";"1995"
"779";395;1979;12;NA;NA;NA;".0797959999999998";"1995"
"780";395;1978;6;NA;NA;NA;".0797959999999998";"1995"
"781";395;1959;6;1,81349206349206;1,34665959451231;1,46428571428571;".0797959999999998";"1995"
"782";395;1991;4;NA;NA;NA;".0797959999999998";"1995"
"783";395;2007;5;1,1;1,04880884817015;10,5;".0797959999999998";"1995"
"784";395;1967;6;NA;NA;NA;".0797959999999998";"1995"
"785";395;1995;4;NA;NA;NA;".0797959999999998";"1995"
"786";395;2016;10;2,7;1,6431676725155;10,5;".0797959999999998";"1995"
"787";395;2009;4;1,1;1,04880884817015;10,5;".0797959999999998";"1995"
"788";395;2013;4;2,7;1,6431676725155;10,5;".0797959999999998";"1995"
"789";395;1959;10;NA;NA;NA;".0797959999999998";"1995"
"790";395;1983;4;NA;NA;NA;".0797959999999998";"1995"
"791";395;1949;10;1,81349206349206;1,34665959451231;1,46428571428571;".0797959999999998";"1995"
"792";395;1974;6;NA;NA;NA;".0797959999999998";"1995"
"793";395;1971;6;NA;NA;NA;".0797959999999998";"1995"
"794";395;1963;6;NA;NA;NA;".0797959999999998";"1995"
"795";395;2003;5;0,3;0,547722557505166;10,5;".0797959999999998";"1995"
"796";395;1987;4;NA;NA;NA;".0797959999999998";"1995"
"797";402;2006;1;11,8315789473684;3,43970622980632;3,6;".4174";"1986"
"798";402;2001;1;10,9894736842105;3,31503750871849;3,6;".4174";"1986"
"799";402;2011;2;31,4358974358974;5,60677246157693;5,53846153846154;".4174";"1986"
"800";402;2016;3;29,4358974358974;5,4254859170306;5,53846153846154;".4174";"1986"
"801";402;1995;12;10,1754385964912;3,18989633005388;3,78947368421053;".4174";"1986"
"802";404;1999;11;1,1871921182266;1,08958346088154;3,51724137931034;".808214";"1979"
"803";404;2008;11;0,754985754985755;0,868899162725891;3,7037037037037;".808214";"1979"
"804";404;1994;7;NA;NA;NA;".808214";"1979"
"805";404;2004;3;0,754985754985755;0,868899162725891;3,7037037037037;".808214";"1979"
"806";404;2014;4;1,1871921182266;1,08958346088154;3,51724137931034;".808214";"1979"
"807";411;1993;11;NA;NA;NA;".3467";"1998"
"808";420;2012;3;0;0;1;".786402";"1993"
"809";420;1997;1;0;0;1;".786402";"1993"
"810";420;2007;1;0;0;1;".786402";"1993"
"811";420;2017;4;0;0;1;".786402";"1993"
"812";433;2012;7;73,1147086031452;8,55071392359405;3,19148936170213;".6938839999999999";"1988"
"813";433;2007;6;NA;NA;NA;".6938839999999999";"1988"
"814";434;1999;3;0,954710144927536;0,977092700273386;3,45833333333333;".787216";"1992"
"815";434;2011;4;0,954710144927536;0,977092700273386;3,45833333333333;".787216";"1992"
"816";434;1991;2;3,86666666666667;1,96638416050035;10,6666666666667;".787216";"1992"
"817";434;1995;3;1,76470588235294;1,32842232831014;4,66666666666667;".787216";"1992"
"818";436;1993;2;28,5625;5,34438958160799;5,1875;".651762";"1988"
"819";436;2011;1;60,4625;7,77576362809467;7,0625;".651762";"1988"
"820";436;2004;12;60,4625;7,77576362809467;7,0625;".651762";"1988"
"821";436;2016;2;140,683823529412;11,8610211840892;10,0588235294118;".651762";"1988"
"822";436;1999;10;28,5625;5,34438958160799;5,1875;".651762";"1988"
"823";437;2016;12;0,450023912003826;0,67083821596852;1,24390243902439;".8204240000000002";"1998"
"824";437;2011;12;0,470708184072747;0,686081761944411;1,24607329842932;".8204240000000002";"1998"
"825";437;2011;2;0,151515151515152;0,389249472080762;1,16666666666667;".8204240000000002";"1998"
"826";438;2013;9;0;0;1;".738942";"1990"
"827";439;2015;11;5,60821256038647;2,36816649760663;2,76086956521739;".737738";"1983"
"828";439;2012;12;5,60821256038647;2,36816649760663;2,76086956521739;".737738";"1983"
"829";450;2017;10;0;0;1;".908388";"1992"
"830";450;2005;10;0;0;1;".908388";"1992"
"831";450;2011;10;0;0;1;".908388";"1992"
"832";451;2007;8;NA;NA;NA;".8190900000000002";"1993"
"833";451;2018;3;0;0;1;".8190900000000002";"1993"
"834";451;2012;11;0;0;1;".8190900000000002";"1993"
"835";452;2004;12;0;0;1;".673332";"1983"
"836";452;2012;12;0;0;1;".673332";"1983"
"837";452;2008;12;NA;NA;NA;".673332";"1983"
"838";452;2016;12;0;0;1;".673332";"1983"
"839";452;2000;12;0;0;1;".673332";"1983"
"840";461;2013;7;2,10229885057471;1,44993063647014;3,03333333333333;".7099279999999999";"1995"
"841";461;2007;10;0,511827956989247;0,71542152399075;2,61290322580645;".7099279999999999";"1995"
"842";471;2007;7;1,46218487394958;1,20920836663893;2,11764705882353;".86349";"1983"
"843";471;1992;3;2,59948979591837;1,61229333432796;3,6734693877551;".86349";"1983"
"844";471;1997;5;NA;NA;NA;".86349";"1983"
"845";471;2002;6;NA;NA;NA;".86349";"1983"
"846";475;2003;1;0;0;1;".85046";"1983"
"847";475;2011;4;0;0;1;".85046";"1983"
"848";481;2018;10;0;0;1;".7689600000000001";"1983"
"849";500;2011;2;0;0;1;".930175";"1983"
"850";500;2016;2;0,275228917973057;0,524622643404816;1,04156479217604;".930175";"1983"
"851";500;2006;2;0,32798339674853;0,572698347080319;1,04406779661017;".930175";"1983"
"852";501;1997;12;0;0;1;".8588";"2001"
"853";501;1992;12;0;0;1;".8588";"2001"
"854";501;1963;5;0;0;1;".8588";"2001"
"855";501;2013;3;0;0;1;".8588";"2001"
"856";501;1961;2;0;0;1;".8588";"2001"
"857";501;2007;12;0;0;1;".8588";"2001"
"858";501;2002;12;0;0;1;".8588";"2001"
"859";510;2005;12;0;0;1;".7352959999999999";"1995"
"860";510;2015;10;0;0;1;".7352959999999999";"1995"
"861";517;2008;9;NA;NA;NA;".3237999999999999";"1996"
"862";520;2005;9;12,2666666666667;3,50238014308366;13,6666666666667;".8117";"1999"
"863";522;2003;1;164,7;12,8335497817245;11,5;".796166";"1983"
"864";522;1997;12;189;13,7477270848675;13;".796166";"1983"
"865";522;2013;2;147,766666666667;12,1559313368687;10,8333333333333;".796166";"1983"
"866";530;2010;5;0;0;1;".723472";"1983"
"867";540;2012;8;NA;NA;NA;".78672";"1983"
"868";540;1992;11;NA;NA;NA;".78672";"1983"
"869";540;2008;9;NA;NA;NA;".78672";"1983"
"870";540;2017;8;822,368421052632;28,6769667338202;11,5789473684211;".78672";"1983"
"871";541;2014;10;144,072727272727;12,0030299205129;22,5454545454545;".6932160000000001";"1983"
"872";541;1999;12;NA;NA;NA;".6932160000000001";"1983"
"873";541;2004;12;NA;NA;NA;".6932160000000001";"1983"
"874";541;2009;10;NA;NA;NA;".6932160000000001";"1983"
"875";551;2001;12;0;0;1;".7808";"1998"
"876";551;2006;9;0;0;1;".7808";"1998"
"877";551;1996;11;0;0;1;".7808";"1998"
"878";551;1964;1;0;0;1;".7808";"1998"
"879";551;1968;12;0;0;1;".7808";"1998"
"880";551;1991;10;0;0;1;".7808";"1998"
"881";551;2016;8;0;0;1;".7808";"1998"
"882";551;2011;9;0;0;1;".7808";"1998"
"883";552;2005;11;NA;NA;NA;".3874";"1998"
"884";552;2008;3;NA;NA;NA;".3874";"1998"
"885";552;2013;7;NA;NA;NA;".3874";"1998"
"886";553;2009;5;0;0;1;".6744";"1998"
"887";553;1999;6;NA;NA;NA;".6744";"1998"
"888";553;2014;5;0;0;1;".6744";"1998"
"889";553;2004;5;0;0;1;".6744";"1998"
"890";560;1994;4;155,944444444444;12,4877717966194;22,2222222222222;".7517428724324049";"1998"
"891";560;1984;8;0;0;1;".7517428724324049";"1998"
"892";560;1989;9;0;0;1;".7517428724324049";"1998"
"893";560;2004;4;160,694444444444;12,6765312465376;22,2222222222222;".7517428724324049";"1998"
"894";560;1977;11;0;0;1;".7517428724324049";"1998"
"895";560;1981;4;0;0;1;".7517428724324049";"1998"
"896";560;1999;6;167,694444444444;12,9496889709539;22,2222222222222;".7517428724324049";"1998"
"897";560;2014;5;195,694444444444;13,9890830451622;22,2222222222222;".7517428724324049";"1998"
"898";560;1987;5;0;0;1;".7517428724324049";"1998"
"899";560;2009;4;180,194444444444;13,423652425642;22,2222222222222;".7517428724324049";"1998"
"900";565;2009;11;NA;NA;72;".6329039999999999";"1995"
"901";565;2014;11;NA;NA;96;".6329039999999999";"1995"
"902";565;1999;11;NA;NA;72;".6329039999999999";"1995"
"903";565;1994;12;NA;NA;72;".6329039999999999";"1995"
"904";565;1989;11;NA;NA;72;".6329039999999999";"1995"
"905";565;2004;11;NA;NA;72;".6329039999999999";"1995"
"906";570;1965;4;0;0;1;".255";"1986"
"907";570;1970;1;0;0;1;".255";"1986"
"908";570;1998;5;0;0;1;".255";"1986"
"909";570;2012;5;18,7777777777778;4,33333333333334;1,48148148148148;".255";"1986"
"910";570;2017;6;18,7777777777778;4,33333333333334;1,48148148148148;".255";"1986"
"911";570;2002;5;18,7777777777778;4,33333333333334;1,48148148148148;".255";"1986"
"912";570;2015;2;18,7777777777778;4,33333333333334;1,48148148148148;".255";"1986"
"913";570;2007;2;19,0125;4,36033255612459;1,4875;".255";"1986"
"914";570;1993;3;0;0;1;".255";"1986"
"915";571;2004;10;0;0;1;".4102480000000001";"1983"
"916";571;1989;10;0;0;1;".4102480000000001";"1983"
"917";571;1979;10;0;0;1;".4102480000000001";"1983"
"918";571;1994;10;0;0;1;".4102480000000001";"1983"
"919";571;1974;10;0;0;1;".4102480000000001";"1983"
"920";571;1999;10;0;0;1;".4102480000000001";"1983"
"921";571;2014;10;0;0;1;".4102480000000001";"1983"
"922";571;1965;9;0;0;1;".4102480000000001";"1983"
"923";571;2009;10;0;0;1;".4102480000000001";"1983"
"924";571;1969;10;0;0;1;".4102480000000001";"1983"
"925";571;1984;9;0;0;1;".4102480000000001";"1983"
"926";580;2013;12;0,202593440122044;0,450103810383831;1,27826086956522;".8791000000000001";"1985"
"927";580;2014;8;0;0;1;".8791000000000001";"1985"
"928";581;2015;1;0;0;1;"0";"1995"
"929";590;2014;12;0,0476190476190476;0,218217890235992;2,95238095238095;".4633999999999999";"1992"
"930";590;1991;9;0,0476190476190476;0,218217890235992;2,95238095238095;".4633999999999999";"1992"
"931";590;1987;8;0,0476190476190476;0,218217890235992;2,95238095238095;".4633999999999999";"1992"
"932";590;1982;6;0,0476190476190476;0,218217890235992;2,95238095238095;".4633999999999999";"1992"
"933";590;1995;12;0,0476190476190476;0,218217890235992;2,95238095238095;".4633999999999999";"1992"
"934";590;2000;9;0,0476190476190476;0,218217890235992;2,95238095238095;".4633999999999999";"1992"
"935";590;2005;7;0,0476190476190476;0,218217890235992;2,95238095238095;".4633999999999999";"1992"
"936";590;1967;8;0,0476190476190476;0,218217890235992;2,95238095238095;".4633999999999999";"1992"
"937";590;1976;12;0,0476190476190476;0,218217890235992;2,95238095238095;".4633999999999999";"1992"
"938";590;2010;5;0,0476190476190476;0,218217890235992;2,95238095238095;".4633999999999999";"1992"
"939";590;1983;8;0,0476190476190476;0,218217890235992;2,95238095238095;".4633999999999999";"1992"
"940";620;2012;7;2,87002042900919;1,69411346403043;2,24719101123596;".79203";"1995"
"941";630;2012;3;4,6105117974484;2,14721023596862;1,40594059405941;".6683999999999999";"1995"
"942";640;2015;6;35,1806722689076;5,93132972181682;6,47058823529412;".32";"2001"
"943";640;1973;10;NA;NA;NA;".32";"2001"
"944";640;1961;10;NA;NA;NA;".32";"2001"
"945";640;1965;10;NA;NA;NA;".32";"2001"
"946";640;1969;10;NA;NA;NA;".32";"2001"
"947";640;1950;5;NA;NA;NA;".32";"2001"
"948";640;1991;10;40,4042947056646;6,35643726514032;6,08108108108108;".32";"2001"
"949";640;1977;6;NA;NA;NA;".32";"2001"
"950";640;2015;11;35,2625170998632;5,93822507992609;6,54651162790698;".32";"2001"
"951";640;1957;10;NA;NA;NA;".32";"2001"
"952";640;1954;5;NA;NA;NA;".32";"2001"
"953";640;1995;12;58,5498214865303;7,65178550970493;6,9620253164557;".32";"2001"
"954";640;2007;7;72,0679012345679;8,48928154996451;6,79012345679012;".32";"2001"
"955";640;1983;11;24,3627317955676;4,93586180879972;5,97014925373134;".32";"2001"
"956";640;2011;6;102,967901234568;10,1473100491987;6,79012345679012;".32";"2001"
"957";640;1987;10;37,6910900045228;6,1393069645134;6,71641791044776;".32";"2001"
"958";640;1999;4;70,5917721518987;8,40189098667072;6,875;".32";"2001"
"959";640;2002;11;72,0679012345679;8,48928154996451;6,79012345679012;".32";"2001"
"960";645;2010;3;192,653594771242;13,8799709931701;17,2222222222222;".3689100000000002";"1983"
"961";660;2018;4;5,40952380952381;2,32583830253176;8,53333333333333;".1313999999999999";"1996"
"962";666;1955;7;NA;NA;120;".3435937226940686";"1995"
"963";666;1996;5;NA;NA;120;".3435937226940686";"1995"
"964";666;2006;3;NA;NA;120;".3435937226940686";"1995"
"965";666;1949;1;NA;NA;120;".3435937226940686";"1995"
"966";666;1969;10;NA;NA;120;".3435937226940686";"1995"
"967";666;1988;11;NA;NA;120;".3435937226940686";"1995"
"968";666;2013;1;NA;NA;120;".3435937226940686";"1995"
"969";666;2015;3;NA;NA;120;".3435937226940686";"1995"
"970";666;1973;12;NA;NA;120;".3435937226940686";"1995"
"971";666;1992;6;NA;NA;120;".3435937226940686";"1995"
"972";666;1959;11;NA;NA;120;".3435937226940686";"1995"
"973";666;1961;8;NA;NA;120;".3435937226940686";"1995"
"974";666;2003;1;NA;NA;120;".3435937226940686";"1995"
"975";666;2009;2;NA;NA;120;".3435937226940686";"1995"
"976";666;1999;5;NA;NA;120;".3435937226940686";"1995"
"977";666;1951;7;NA;NA;120;".3435937226940686";"1995"
"978";666;1984;7;NA;NA;120;".3435937226940686";"1995"
"979";666;1977;5;NA;NA;120;".3435937226940686";"1995"
"980";666;1965;11;NA;NA;120;".3435937226940686";"1995"
"981";666;1981;6;NA;NA;120;".3435937226940686";"1995"
"982";690;1996;10;0;0;2;".6604";"2001"
"983";690;1999;7;0;0;2;".6604";"2001"
"984";690;1963;1;0;0;5;".6604";"2001"
"985";690;2008;5;0;0;10;".6604";"2001"
"986";690;2009;5;0;0;10;".6604";"2001"
"987";690;2003;7;0;0;2;".6604";"2001"
"988";690;1985;2;0;0;2;".6604";"2001"
"989";690;1981;2;0;0;2;".6604";"2001"
"990";690;1992;10;0;0;2;".6604";"2001"
"991";690;2006;6;0;0;2;".6604";"2001"
"992";690;1975;1;0;0;5;".6604";"2001"
"993";690;1971;1;0;0;5;".6604";"2001"
"994";690;1967;1;0;0;5;".6604";"2001"
"995";690;1990;6;0;0;2;".6604";"2001"
"996";692;2010;11;0;0;1;".5021300000000001";"1991"
"997";692;2014;11;0;0;1;".5021300000000001";"1991"
"998";696;2011;9;0,80952380952381;0,899735410842438;2,85714285714286;".6252";"1993"
"999";700;2010;9;32,7512605042017;5,72287170083357;7,11428571428571;".7693445845406846";"1995"
"1000";700;2005;9;32,75126;5,722872;7,114286;".7693445845406846";"1995"
"1001";705;2007;8;NA;NA;98;".6171219999999999";"1999"
"1002";705;2012;1;NA;NA;NA;".6171219999999999";"1999"
"1003";705;2016;5;NA;NA;98;".6171219999999999";"1999"
"1004";712;2000;7;0;0;1;".3682240000000003";"1989"
"1005";712;2012;6;0,2953846;0,543493;1,846154;".3682240000000003";"1989"
"1006";712;2008;6;0,5061538;0,7114449;2,884615;".3682240000000003";"1989"
"1007";712;1996;6;0;0;1;".3682240000000003";"1989"
"1008";712;1992;6;0;0;1;".3682240000000003";"1989"
"1009";712;2004;6;0;0;1;".3682240000000003";"1989"
"1010";713;2016;1;0,1052252;0,3243844;1,053333;".2744000000000002";"2001"
"1011";713;1986;12;NA;NA;NA;".2744000000000002";"2001"
"1012";713;2008;1;0,1052252;0,3243844;1,053333;".2744000000000002";"2001"
"1013";713;1995;12;11,96552;3,459121;4,413793;".2744000000000002";"2001"
"1014";713;1989;12;NA;NA;NA;".2744000000000002";"2001"
"1015";713;2004;12;12,09247;3,477423;5,677419;".2744000000000002";"2001"
"1016";713;1998;12;11,29247;3,360428;5,677419;".2744000000000002";"2001"
"1017";713;2012;1;0,1052252;0,3243844;1,053333;".2744000000000002";"2001"
"1018";713;2001;12;11,55914;3,399873;5,677419;".2744000000000002";"2001"
"1019";713;1992;12;10,7931;3,285286;4,310345;".2744000000000002";"2001"
"1020";732;1978;12;0;0;2;".0019979999999997";"1990"
"1021";732;1988;4;0;0;1;".0019979999999997";"1990"
"1022";732;2000;4;0;0;1;".0019979999999997";"1990"
"1023";732;1967;6;0;0;1;".0019979999999997";"1990"
"1024";732;1960;7;0;0;1;".0019979999999997";"1990"
"1025";732;1971;5;0;0;1;".0019979999999997";"1990"
"1026";732;1963;11;0;0;1;".0019979999999997";"1990"
"1027";732;1985;2;0;0;2;".0019979999999997";"1990"
"1028";732;2008;4;0;0;1;".0019979999999997";"1990"
"1029";732;1958;5;0;0;1;".0019979999999997";"1990"
"1030";732;1996;4;0;0;1;".0019979999999997";"1990"
"1031";732;1981;3;0;0;2;".0019979999999997";"1990"
"1032";732;1950;5;0;0;1;".0019979999999997";"1990"
"1033";732;1973;2;0;0;2;".0019979999999997";"1990"
"1034";732;1948;5;0;0;1;".0019979999999997";"1990"
"1035";732;2012;4;NA;NA;NA;".0019979999999997";"1990"
"1036";732;1954;5;0;0;1;".0019979999999997";"1990"
"1037";732;2004;4;0;0;1;".0019979999999997";"1990"
"1038";732;1992;3;0;0;1;".0019979999999997";"1990"
"1039";740;1980;6;0,7471079;0,8643541;3,930769;".0119279999999997";"1999"
"1040";740;1953;4;0,6721191;0,8198287;3,982906;".0119279999999997";"1999"
"1041";740;2005;9;0;0;1;".0119279999999997";"1999"
"1042";740;1972;12;0,7544584;0,8685957;3,959677;".0119279999999997";"1999"
"1043";740;1993;7;0,9750484;0,9874454;3,96124;".0119279999999997";"1999"
"1044";740;1969;12;0,7516993;0,867006;3,95122;".0119279999999997";"1999"
"1045";740;1958;5;0,7417789;0,8612659;3,957627;".0119279999999997";"1999"
"1046";740;1952;10;0,6721191;0,8198287;3,982906;".0119279999999997";"1999"
"1047";740;2014;12;9,808732;3,13189;1,552288;".0119279999999997";"1999"
"1048";740;1976;12;0,7471079;0,8643541;3,930769;".0119279999999997";"1999"
"1049";740;2000;6;9,706981;3,115603;1,543408;".0119279999999997";"1999"
"1050";740;1983;12;0,7471079;0,8643541;3,930769;".0119279999999997";"1999"
"1051";740;1996;10;11,92949;3,453909;1,607717;".0119279999999997";"1999"
"1052";740;1986;7;0,8799046;0,9380323;3,938462;".0119279999999997";"1999"
"1053";740;1949;1;0,6721191;0,8198287;3,982906;".0119279999999997";"1999"
"1054";740;1955;2;0,7417789;0,8612659;3,957627;".0119279999999997";"1999"
"1055";740;1960;11;0,7417789;0,8612659;3,957627;".0119279999999997";"1999"
"1056";740;1947;4;0,6721191;0,8198287;3,982906;".0119279999999997";"1999"
"1057";740;1967;1;0,7516993;0,867006;3,95122;".0119279999999997";"1999"
"1058";740;2005;11;48,85455;6,989603;16,36364;".0119279999999997";"1999"
"1059";740;2003;11;9,655368;3,107309;1,543408;".0119279999999997";"1999"
"1060";740;1979;10;0,7471079;0,8643541;3,930769;".0119279999999997";"1999"
"1061";740;1963;11;0,7417789;0,8612659;3,957627;".0119279999999997";"1999"
"1062";740;2012;12;9,655368;3,107309;1,543408;".0119279999999997";"1999"
"1063";740;1990;2;0,8799046;0,9380323;3,938462;".0119279999999997";"1999"
"1064";740;2009;8;9,655368;3,107309;1,543408;".0119279999999997";"1999"
"1065";750;1999;7;0;0;1;".4182";"2000"
"1066";750;1985;12;0;0;1;".4182";"2000"
"1067";750;1984;12;0;0;1;".4182";"2000"
"1068";750;1996;5;0;0;1;".4182";"2000"
"1069";750;1962;2;0;0;1;".4182";"2000"
"1070";750;1980;1;0;0;1;".4182";"2000"
"1071";750;1992;2;0;0;1;".4182";"2000"
"1072";750;2004;3;0;0;1;".4182";"2000"
"1073";750;1996;4;0;0;1;".4182";"2000"
"1074";750;2009;3;0;0;1;".4182";"2000"
"1075";750;1971;3;0;0;1;".4182";"2000"
"1076";750;1998;3;0;0;1;".4182";"2000"
"1077";750;1967;2;0;0;1;".4182";"2000"
"1078";750;1991;5;0;0;1;".4182";"2000"
"1079";750;2014;5;0;0;1;".4182";"2000"
"1080";750;1989;11;0;0;1;".4182";"2000"
"1081";750;1977;3;0;0;1;".4182";"2000"
"1082";750;1985;9;0;0;1;".4182";"2000"
"1083";760;2013;5;0;0;1;".605";"1993"
"1084";760;2008;3;0;0;1;".605";"1993"
"1085";770;2008;2;5,230968;2,287131;1,234657;".7097999999999999";"1995"
"1086";770;1988;11;0,0861204;0,2934628;1,028846;".7097999999999999";"1995"
"1087";770;2002;10;0;0;1;".7097999999999999";"1995"
"1088";770;2013;5;5,307073;2,303708;1,238095;".7097999999999999";"1995"
"1089";770;1990;10;0,08450326;0,2906945;1,028302;".7097999999999999";"1995"
"1090";771;2008;12;0;0;1;".045434";"1997"
"1091";771;1991;2;0;0;1;".045434";"1997"
"1092";771;1973;3;0;0;1;".045434";"1997"
"1093";771;1996;6;0;0;1;".045434";"1997"
"1094";771;2001;10;0;0;1;".045434";"1997"
"1095";775;2015;11;0;0;1;".5061860000000001";"1983"
"1096";775;2010;11;0;0;1;".5061860000000001";"1983"
"1097";780;1989;2;NA;NA;NA;".415";"2001"
"1098";780;2000;10;NA;NA;NA;".415";"2001"
"1099";780;1977;7;0;0;1;".415";"2001"
"1100";780;1965;3;0;0;1;".415";"2001"
"1101";780;1970;5;0;0;1;".415";"2001"
"1102";780;2015;8;16,46753;4,058021;8,909091;".415";"2001"
"1103";780;2010;4;NA;NA;NA;".415";"2001"
"1104";780;1994;8;NA;NA;NA;".415";"2001"
"1105";780;2004;4;NA;NA;NA;".415";"2001"
"1106";780;1947;8;0;0;1;".415";"2001"
"1107";780;1960;7;0;0;1;".415";"2001"
"1108";780;1952;5;0;0;1;".415";"2001"
"1109";780;1960;3;0;0;1;".415";"2001"
"1110";780;1956;4;0;0;1;".415";"2001"
"1111";780;2001;12;NA;NA;NA;".415";"2001"
"1112";790;2008;4;NA;NA;335;".663222";"1991"
"1113";800;1979;4;NA;NA;NA;".6338239999999999";"1983"
"1114";800;1986;7;NA;NA;NA;".6338239999999999";"1983"
"1115";800;1992;3;NA;NA;NA;".6338239999999999";"1983"
"1116";800;1975;1;NA;NA;NA;".6338239999999999";"1983"
"1117";800;1995;7;0,3420193;0,5848241;2,522581;".6338239999999999";"1983"
"1118";800;1996;11;0,3415633;0,5844341;2,519231;".6338239999999999";"1983"
"1119";800;1969;2;NA;NA;NA;".6338239999999999";"1983"
"1120";800;1992;9;NA;NA;NA;".6338239999999999";"1983"
"1121";800;1983;4;NA;NA;NA;".6338239999999999";"1983"
"1122";800;1976;4;NA;NA;NA;".6338239999999999";"1983"
"1123";800;1988;7;NA;NA;NA;".6338239999999999";"1983"
"1124";811;2003;7;20,07971;4,481039;5,083333;".2104640000000001";"1994"
"1125";811;2008;7;20,11413;4,484878;5,125;".2104640000000001";"1994"
"1126";811;2013;7;20,11413;4,484878;5,125;".2104640000000001";"1994"
"1127";820;2008;3;0;0;1;".5879619999999999";"1996"
"1128";820;2018;4;0;0;1;".5879619999999999";"1996"
"1129";820;1982;4;0;0;1;".5879619999999999";"1996"
"1130";820;1999;11;0;0;1;".5879619999999999";"1996"
"1131";820;2013;5;0;0;1;".5879619999999999";"1996"
"1132";820;1959;8;0;0;1;".5879619999999999";"1996"
"1133";820;2008;3;0;0;1;".5879619999999999";"1996"
"1134";820;1969;4;0;0;1;".5879619999999999";"1996"
"1135";820;1978;7;0;0;1;".5879619999999999";"1996"
"1136";820;1990;10;0;0;1;".5879619999999999";"1996"
"1137";820;2004;3;0;0;1;".5879619999999999";"1996"
"1138";820;1964;4;0;0;1;".5879619999999999";"1996"
"1139";820;1995;4;0;0;1;".5879619999999999";"1996"
"1140";830;1984;12;0;0;1;".385674";"2001"
"1141";830;1968;4;0;0;1;".385674";"2001"
"1142";830;1972;9;0;0;1;".385674";"2001"
"1143";830;1976;12;0;0;1;".385674";"2001"
"1144";830;1997;1;NA;NA;NA;".385674";"2001"
"1145";830;1991;8;NA;NA;NA;".385674";"2001"
"1146";830;2001;11;NA;NA;NA;".385674";"2001"
"1147";830;2006;5;NA;NA;NA;".385674";"2001"
"1148";830;2011;5;4,25641;2,063107;3,222222;".385674";"2001"
"1149";830;1963;9;0;0;1;".385674";"2001"
"1150";830;1988;9;NA;NA;NA;".385674";"2001"
"1151";830;1980;12;0;0;1;".385674";"2001"
"1152";830;2015;9;3,852217;1,962706;3,068966;".385674";"2001"
"1153";840;1946;4;0;0;1;".2385407321970182";"1998"
"1154";840;1987;5;0;0;1;".2385407321970182";"1998"
"1155";840;2013;5;13,82553;3,71827;1,242553;".2385407321970182";"1998"
"1156";840;1965;11;0;0;1;".2385407321970182";"1998"
"1157";840;1969;11;0;0;1;".2385407321970182";"1998"
"1158";840;1992;5;0;0;1;".2385407321970182";"1998"
"1159";840;1957;11;0;0;1;".2385407321970182";"1998"
"1160";840;1953;11;0;0;1;".2385407321970182";"1998"
"1161";840;2001;5;0;0;1;".2385407321970182";"1998"
"1162";840;1998;5;0;0;1;".2385407321970182";"1998"
"1163";840;2007;5;0;0;1;".2385407321970182";"1998"
"1164";840;1949;11;0;0;1;".2385407321970182";"1998"
"1165";840;1978;4;20,0641;4,479297;12,69231;".2385407321970182";"1998"
"1166";840;1995;5;0;0;1;".2385407321970182";"1998"
"1167";840;1961;11;0;0;1;".2385407321970182";"1998"
"1168";840;2004;5;0;0;1;".2385407321970182";"1998"
"1169";840;2010;5;0;0;1;".2385407321970182";"1998"
"1170";850;1999;6;401,3333;20,03331;17,11111;".7351340000000001";"1990"
"1171";850;2014;4;3,937799;1,984389;7,272727;".7351340000000001";"1990"
"1172";850;2004;4;5,777494;2,403642;7,956522;".7351340000000001";"1990"
"1173";850;2009;4;3,819891;1,954454;7,246753;".7351340000000001";"1990"
"1174";860;2007;6;NA;NA;65;".";"."
"1175";860;2012;7;NA;NA;65;".";"."
"1176";900;1998;10;0;0;1;".0929019999999999";"1986"
"1177";900;1980;10;0;0;1;".0929019999999999";"1986"
"1178";900;1990;3;0;0;1;".0929019999999999";"1986"
"1179";900;2010;8;0;0;1;".0929019999999999";"1986"
"1180";900;2001;11;0;0;1;".0929019999999999";"1986"
"1181";900;2016;7;0;0;1;".0929019999999999";"1986"
"1182";900;1969;10;0;0;1;".0929019999999999";"1986"
"1183";900;2007;11;0;0;1;".0929019999999999";"1986"
"1184";900;1993;3;0;0;1;".0929019999999999";"1986"
"1185";900;1984;12;0;0;1;".0929019999999999";"1986"
"1186";900;1983;3;0;0;1;".0929019999999999";"1986"
"1187";900;1961;12;0;0;1;".0929019999999999";"1986"
"1188";900;1975;12;0;0;1;".0929019999999999";"1986"
"1189";900;2004;9;0;0;1;".0929019999999999";"1986"
"1190";900;1951;4;0;0;1;".0929019999999999";"1986"
"1191";900;1946;9;0;0;1;".0929019999999999";"1986"
"1192";900;1958;11;0;0;1;".0929019999999999";"1986"
"1193";900;2013;9;0;0;1;".0929019999999999";"1986"
"1194";900;1955;12;0;0;1;".0929019999999999";"1986"
"1195";900;1974;5;0;0;1;".0929019999999999";"1986"
"1196";900;1954;5;0;0;1;".0929019999999999";"1986"
"1197";900;1972;12;0;0;1;".0929019999999999";"1986"
"1198";900;1996;3;0;0;1;".0929019999999999";"1986"
"1199";900;1977;12;0;0;1;".0929019999999999";"1986"
"1200";900;1966;11;0;0;1;".0929019999999999";"1986"
"1201";900;1963;11;0;0;1;".0929019999999999";"1986"
"1202";900;1949;12;0;0;1;".0929019999999999";"1986"
"1203";900;1987;7;0;0;1;".0929019999999999";"1986"
"1204";920;1960;11;0;0;1;".39685";"1996"
"1205";920;1963;11;0;0;1;".39685";"1996"
"1206";920;1996;10;44,18182;6,646941;1,818182;".39685";"1996"
"1207";920;1966;11;0;0;1;".39685";"1996"
"1208";920;1999;11;0;0;1;".39685";"1996"
"1209";920;1949;11;0;0;1;".39685";"1996"
"1210";920;2011;11;0;0;1;".39685";"1996"
"1211";920;2002;7;0;0;1;".39685";"1996"
"1212";920;2014;9;33,34722;5,774705;1,680556;".39685";"1996"
"1213";920;1987;8;0;0;1;".39685";"1996"
"1214";920;1978;11;0;0;1;".39685";"1996"
"1215";920;1990;10;0;0;1;".39685";"1996"
"1216";920;1954;11;0;0;1;".39685";"1996"
"1217";920;1993;11;0;0;1;".39685";"1996"
"1218";920;1969;11;0;0;1;".39685";"1996"
"1219";920;1981;11;0;0;1;".39685";"1996"
"1220";920;1975;11;0;0;1;".39685";"1996"
"1221";920;1946;11;0;0;1;".39685";"1996"
"1222";920;1972;11;0;0;1;".39685";"1996"
"1223";920;2005;9;0;0;1;".39685";"1996"
"1224";920;2008;11;0;0;1;".39685";"1996"
"1225";920;1984;7;0;0;1;".39685";"1996"
"1226";920;1951;9;0;0;1;".39685";"1996"
"1227";920;1957;11;0;0;1;".39685";"1996"
"1228";940;1970;5;0;0;1;".1110219999999998";"1986"
"1229";940;1967;5;0;0;1;".1110219999999998";"1986"
"1230";940;1993;5;0;0;1;".1110219999999998";"1986"
"1231";940;2001;12;0;0;1;".1110219999999998";"1986"
"1232";940;1984;10;0;0;1;".1110219999999998";"1986"
"1233";940;2006;4;0;0;1;".1110219999999998";"1986"
"1234";940;1997;8;0;0;1;".1110219999999998";"1986"
"1235";940;2014;11;0;0;1;".1110219999999998";"1986"
"1236";940;1973;5;0;0;1;".1110219999999998";"1986"
"1237";940;1976;6;0;0;1;".1110219999999998";"1986"
"1238";940;1980;8;0;0;1;".1110219999999998";"1986"
"1239";940;1989;2;0;0;1;".1110219999999998";"1986"
"1240";940;2010;8;0;0;1;".1110219999999998";"1986"
"1241";950;2014;9;NA;NA;50;".5479419999999999";"1996"
